index,method,velocity,acceleration,jerk
0,Original,35.84793066472889,5.938984153058684,2262.6656893154604
1,Original,35.847131740869365,28.56564104621329,2384.2358356711898
2,Original,35.84432444557518,53.62367544856094,1147.8366166239457
3,Original,35.84667739464947,51.51481159971483,185.39047999206645
4,Original,35.845014888597746,50.24224098982955,78.84046503529147
5,Original,35.84591986670334,51.87535787576198,29048.697989890483
6,Original,35.84482771110096,581.1036246430104,78717.4865392441
7,Original,28.836414633145505,1573.350539713559,8324.663787561243
8,Original,26.07562520763505,414.61177188905407,150352.3242048249
9,Original,25.934452611901378,1435.675807163164,44983.38056136594
10,Original,35.11315671315268,533.8813666586097,108716.50002405382
11,Original,34.654540226782146,821.1268602211588,40964.73810733068
12,Original,35.838256385229165,418.12332518821347,33512.42410864762
13,Original,35.806024402655375,163.99766347958143,27695.88919818848
14,Original,35.84793066472891,142.81350848793147,32427.044665232042
15,Original,35.43617294885003,491.6273167247282,7511.6048435586035
16,Original,35.66647338911349,290.97394855637367,27701.13729530534
17,Original,35.81654766544502,79.45103213203731,7790.70033105649
18,Original,35.83433904659952,162.0009999936493,31809.869077567342
19,Original,35.233739700812855,573.5461951671954,8641.707815583042
20,Original,35.513447782574914,329.5985918271314,36912.14474222979
21,Original,35.72715327091577,175.93421120209706,20536.191290685263
22,Original,35.80699730504949,99.69291177253419,16415.723087583254
23,Original,35.791120215235736,168.12492686157546,13079.99723666091
24,Original,35.83650366990379,183.4511760510377,1128.3973086054843
25,Original,35.81907090731913,155.78572361697388,5028.39853006845
26,Original,35.84716128364232,92.06650677244826,5735.059400587891
27,Original,35.84439375926951,60.683077552519364,447.22262605506484
28,Original,35.83732948370655,96.90814073123292,5687.734613184894
29,Original,35.82730279250743,153.78914924185634,5410.485904516751
30,Original,35.80615805518065,195.6213499429001,3454.1299285893306
31,Original,35.797712416041136,91.24435437377966,18323.522357595863
32,Original,35.742226615524956,184.82009217972578,2528.9251572670682
33,Original,35.757623216482784,65.99813838494374,35679.00908494062
34,Original,35.206458961448675,539.1234217557842,24537.015802335907
35,Original,35.51207987809124,528.0822773053699,12965.90652890059
36,Original,35.78369159781536,288.28737773289976,21139.146511811126
37,Original,35.81369739261044,113.77541817780775,17390.38874584722
38,Original,35.82938812412231,74.71412501478315,2905.0008255523367
39,Original,35.83302274115102,65.66407848867325,22034.455845268716
40,Original,35.54493357313644,378.624476324257,16912.32563089751
41,Original,35.56178773266598,391.6354913108223,29547.38957327084
42,Original,35.84793066472889,217.43242407186037,54017.932927493865
43,Original,35.16891949462151,691.7334080730462,23048.692855979407
44,Original,35.81631107133842,673.5156922385697,17538.423468666275
45,Original,35.2338361904953,549.465657873391,25025.195204493946
46,Original,33.85971879244824,227.6616118208012,22592.28560900954
47,Original,33.857049068100636,153.41747170617847,9233.155885588567
48,Original,35.846712308286236,152.9887811985571,7300.902156607611
49,Original,35.84484455218968,51.92575986901524,7300.81549000619
50,Original,35.84598840434801,51.90211981427076,75.56958632819368
51,Original,35.84514704166265,52.06911680239073,81.25531937537868
52,Original,35.845341581032805,52.48584301950551,74.67809786398207
53,Original,35.845519538555145,51.868118111350846,119.67378171733863
54,Original,35.84523431315475,50.58805610579441,78.8256888173407
55,Original,35.84633462602117,51.44123940148302,150.87681645259642
56,Original,35.84455238781365,53.19730472553799,74.3440607940235
57,Original,35.84691006618997,51.83912335261717,86.65657513378329
58,Original,35.84497468832793,53.79830419231731,77.14783083374185
59,Original,35.84691241847361,51.87405344654583,86.44360980906372
60,Original,35.84455393491318,53.20629500516556,77.66058071638345
61,Original,35.84637153689978,51.26227588472628,165.23935954317548
62,Original,35.84525355138597,50.265171015721066,75.56299103165098
63,Original,35.845581443624525,51.44279597394178,107.7955690212117
64,Original,35.84537318372847,51.87708209046907,72.54183624377048
65,Original,35.845241826705,51.3495016417732,75.97680926388419
66,Original,35.846012753374126,51.64608440624166,90.99480872184301
67,Original,35.84476454319975,52.37567620957474,75.63019021476418
68,Original,35.84661755212478,51.99435067924246,92.07496117660763
69,Original,35.84481261599914,53.33666913474995,104.88792204675849
70,Original,35.846987427063986,50.48797813508718,29252.606886574293
71,Original,35.844956119287545,631.8254147418214,69164.56545979307
72,Original,32.219374617681936,1427.5622002079772,20695.829299280562
73,Original,34.0175343413888,1044.8197608120329,60032.37867945547
74,Original,35.84793066472898,226.92107763306893,52240.98804060185
75,Original,35.8479306647288,8.881784197001252e-12,11346.053881653244
76,Original,35.8479306647288,8.881784197001252e-12,8.881784197001252e-10
77,Original,35.84793066472898,8.881784197001252e-12,8.881784197001252e-10
78,Original,35.84793066472898,8.881784197001252e-12,8.881784197001252e-10
79,Original,35.8479306647288,8.881784197001252e-12,8.881784197001252e-10
80,Original,35.8479306647288,8.881784197001252e-12,8.881784197001252e-10
81,Original,35.84793066472898,8.881784197001252e-12,4.440892098500626e-10
82,Original,35.84793066472898,0.0,8.881784197001252e-10
83,Original,35.84793066472898,8.881784197001252e-12,4.440892098500626e-10
84,Original,35.8479306647288,8.881784197001252e-12,8.881784197001252e-10
85,Original,35.8479306647288,8.881784197001252e-12,8.881784197001252e-10
86,Original,35.84793066472898,8.881784197001252e-12,4.440892098500626e-10
87,Original,35.84793066472898,0.0,8.881784197001252e-10
88,Original,35.84793066472898,8.881784197001252e-12,4.440892098500626e-10
89,Original,35.8479306647288,8.881784197001252e-12,8.881784197001252e-10
90,Original,35.8479306647288,8.881784197001252e-12,8.881784197001252e-10
91,Original,35.84793066472898,8.881784197001252e-12,4.440892098500626e-10
92,Original,35.84793066472898,0.0,4.440892098500626e-10
93,Original,35.84793066472898,0.0,0.0
94,Original,35.84793066472898,0.0,8.881784197001252e-10
95,Original,35.84793066472898,1.7763568394002505e-11,8.881784197001252e-10
96,Original,35.84793066472862,1.7763568394002505e-11,1.7763568394002505e-09
97,Original,35.84793066472862,1.7763568394002505e-11,1.7763568394002505e-09
98,Original,35.84793066472898,1.7763568394002505e-11,8.881784197001252e-10
99,Original,35.84793066472898,0.0,8.881784197001252e-10
100,Original,35.84793066472898,0.0,0.0
101,Original,35.84793066472898,0.0,0.0
102,Original,35.84793066472898,0.0,0.0
103,Original,35.84793066472898,0.0,8.881784197001252e-10
104,Original,35.84793066472898,1.7763568394002505e-11,8.881784197001252e-10
105,Original,35.84793066472862,1.7763568394002505e-11,1.7763568394002505e-09
106,Original,35.84793066472862,1.7763568394002505e-11,1.7763568394002505e-09
107,Original,35.84793066472898,1.7763568394002505e-11,8.881784197001252e-10
108,Original,35.84793066472898,0.0,8.881784197001252e-10
109,Original,35.84793066472898,0.0,0.0
110,Original,35.84793066472898,0.0,0.0
111,Original,35.84793066472898,0.0,0.0
112,Original,35.84793066472898,0.0,8.881784197001252e-10
113,Original,35.84793066472898,1.7763568394002505e-11,8.881784197001252e-10
114,Original,35.84793066472862,1.7763568394002505e-11,1.7763568394002505e-09
115,Original,35.84793066472862,1.7763568394002505e-11,1.7763568394002505e-09
116,Original,35.84793066472898,1.7763568394002505e-11,8.881784197001252e-10
117,Original,35.84793066472898,0.0,8.881784197001252e-10
118,Original,35.84793066472898,0.0,0.0
119,Original,35.84793066472898,0.0,0.0
120,Original,35.84793066472898,0.0,0.0
121,Original,35.84793066472898,0.0,8.881784197001252e-10
122,Original,35.84793066472898,1.7763568394002505e-11,8.881784197001252e-10
123,Original,35.84793066472862,1.7763568394002505e-11,1.7763568394002505e-09
124,Original,35.84793066472862,1.7763568394002505e-11,1.7763568394002505e-09
125,Original,35.84793066472898,1.7763568394002505e-11,8.881784197001252e-10
126,Original,35.84793066472898,0.0,8.881784197001252e-10
127,Original,35.84793066472898,0.0,0.0
128,Original,35.84793066472898,0.0,0.0
129,Original,35.84793066472898,0.0,0.0
130,Original,35.84793066472898,0.0,8.881784197001252e-10
131,Original,35.84793066472898,1.7763568394002505e-11,8.881784197001252e-10
132,Original,35.84793066472862,1.7763568394002505e-11,1.7763568394002505e-09
133,Original,35.84793066472862,1.7763568394002505e-11,1.7763568394002505e-09
134,Original,35.84793066472898,1.7763568394002505e-11,8.881784197001252e-10
135,Original,35.84793066472898,0.0,8.881784197001252e-10
136,Original,35.84793066472898,0.0,0.0
137,Original,35.84793066472898,0.0,0.0
138,Original,35.84793066472898,0.0,0.0
139,Original,35.84793066472898,0.0,8.881784197001252e-10
140,Original,35.84793066472898,1.7763568394002505e-11,8.881784197001252e-10
141,Original,35.84793066472862,1.7763568394002505e-11,1.7763568394002505e-09
142,Original,35.84793066472862,1.7763568394002505e-11,1.7763568394002505e-09
143,Original,35.84793066472898,1.7763568394002505e-11,8.881784197001252e-10
144,Original,35.84793066472898,0.0,8.881784197001252e-10
145,Original,35.84793066472898,0.0,0.0
146,Original,35.84793066472898,0.0,0.0
147,Original,35.84793066472898,0.0,0.0
148,Original,35.84793066472898,0.0,8.881784197001252e-10
149,Original,35.84793066472898,1.7763568394002505e-11,8.881784197001252e-10
150,Original,35.84793066472862,1.7763568394002505e-11,1.7763568394002505e-09
151,Original,35.84793066472862,1.7763568394002505e-11,1.7763568394002505e-09
152,Original,35.84793066472898,1.7763568394002505e-11,8.881784197001252e-10
153,Original,35.84793066472898,0.0,8.881784197001252e-10
154,Original,35.84793066472898,0.0,0.0
155,Original,35.84793066472898,0.0,0.0
156,Original,35.84793066472898,0.0,0.0
157,Original,35.84793066472898,0.0,8.881784197001252e-10
158,Original,35.84793066472898,1.7763568394002505e-11,8.881784197001252e-10
159,Original,35.84793066472862,1.7763568394002505e-11,1.7763568394002505e-09
160,Original,35.84793066472862,1.7763568394002505e-11,1.7763568394002505e-09
161,Original,35.84793066472898,1.7763568394002505e-11,8.881784197001252e-10
162,Original,35.84793066472898,0.0,8.881784197001252e-10
163,Original,35.84793066472898,0.0,0.0
164,Original,35.84793066472898,0.0,0.0
165,Original,35.84793066472898,0.0,0.0
166,Original,35.84793066472898,0.0,0.0
167,Original,35.84793066472898,0.0,8.881784197001252e-10
168,Original,35.84793066472898,1.7763568394002505e-11,8.881784197001252e-10
169,Original,35.84793066472862,1.7763568394002505e-11,1.7763568394002505e-09
170,Original,35.84793066472862,1.7763568394002505e-11,1.7763568394002505e-09
171,Original,35.84793066472898,1.7763568394002505e-11,8.881784197001252e-10
172,Original,35.84793066472898,0.0,8.881784197001252e-10
173,Original,35.84793066472898,0.0,0.0
174,Original,35.84793066472898,0.0,0.0
175,Original,35.84793066472898,0.0,0.0
176,Original,35.84793066472898,0.0,0.0
177,Original,35.84793066472898,0.0,8.881784197001252e-10
178,Original,35.84793066472898,1.7763568394002505e-11,0.0
179,Original,35.84793066472862,0.0,1.7763568394002505e-09
180,Original,35.84793066472898,1.7763568394002505e-11,1.7763568394002505e-09
181,Original,35.84793066472898,3.552713678800501e-11,8.881784197001252e-10
182,Original,35.84793066472827,0.0,37854.89278428527
183,Original,35.84793066472898,757.0978556857218,78931.15276797621
184,Original,31.894813948223312,1578.6230553595244,7509.817256332881
185,Original,35.282947232316275,906.8938597330934,73467.34969323373
186,Original,35.8446564946249,112.19350470543873,43131.164462065375
187,Original,35.84702741732322,50.55630807962833,3309.1446302218683
188,Original,35.84503407018725,49.88314332483989,85.89787200122348
189,Original,35.846181588578446,51.43065793132112,152.23467799115303
190,Original,35.844853535410905,52.563234967140794,80.10076866430411
191,Original,35.84567405006643,52.084314967001575,89.97445349383783
192,Original,35.845315948058634,51.581176463132216,81.7258448877253
193,Original,35.845273636675884,51.418015670975514,89.29436985401425
194,Original,35.845806705507954,50.51889942022305,125.21989384881354
195,Original,35.84524571610047,49.343174807835624,76.07863036622034
196,Original,35.846539520735774,50.8996200945558,211.48526923435932
197,Original,35.844445835441526,53.304026526791,1108.1814881305238
198,Original,35.84701167979092,28.743790369325897,2314.4906719925752
199,Original,35.84793066472949,7.014254172637197,2172.95361966887
0,S-G,35.848346223389385,24.47981626508525,1242.9379418618716
1,S-G,35.84683510517218,36.908487716709864,1239.5558278601409
2,S-G,35.84561156811206,49.2668858338132,2863.5471186744267
3,S-G,35.84495060385819,77.28765088369546,3315.78463806098
4,S-G,36.63354643682982,86.96680573905016,20370.77499107052
5,S-G,36.80389671415973,353.279416993708,45328.16481993098
6,S-G,31.937630747022517,838.8042256540739,14750.419328489841
7,S-G,27.081069712975186,645.4727357389517,35384.78974349252
8,S-G,25.81341017182508,138.7530135815767,45361.489137805656
9,S-G,26.804780425482065,293.577257333793,28974.450487353228
10,S-G,30.352211717891908,479.6418157383009,14750.388707713006
11,S-G,34.63112613125507,295.20366420288406,43883.955492040164
12,S-G,35.765619379621135,528.7147065833111,15778.958705835948
13,S-G,36.051546589950284,237.38586218034308,36627.58944865306
14,S-G,35.81090166051939,209.51144098587744,25589.878155780018
15,S-G,35.40265639287208,281.47336759608544,1645.8010402221823
16,S-G,35.60443340159762,225.10159852234128,3754.724670513014
17,S-G,35.84906050409763,213.80729099435626,4581.470963179978
18,S-G,35.58368021979838,257.56098807804347,4034.6138308696613
19,S-G,35.21379238191899,280.9446537779965,1704.247454547569
20,S-G,35.319313013572085,230.96784171213503,9575.901602590173
21,S-G,35.654370361835504,101.53405218106528,12611.607809279336
22,S-G,35.81545970260953,58.34627881958484,2785.2951640394176
23,S-G,35.811579477676354,64.54450230814271,9267.770670942446
24,S-G,35.7779841726596,166.10006361156374,5493.892723411004
25,S-G,35.82005514187841,157.30784090008902,3730.703777305033
26,S-G,35.855057498245316,99.0974019619191,4338.820662617609
27,S-G,35.858469426206966,81.63703227852461,759.687871527672
28,S-G,35.85357924128798,107.44025741086585,4448.906553744052
29,S-G,35.79717026529066,159.0311012162277,632.3809545014087
30,S-G,35.77594362487624,118.03317863072691,7743.323157694177
31,S-G,35.82083483293798,51.263590038160956,4802.896899902467
32,S-G,35.78155677430395,53.36600647807326,8094.940238821624
33,S-G,35.570434981915405,164.49327951213562,16236.351237548954
34,S-G,35.252623111063144,341.2698044503756,14786.246619909967
35,S-G,35.138155803790355,454.5045017639517,334.82317163485504
36,S-G,35.61132367312284,337.24662772451035,17847.28765693044
37,S-G,35.98419392386856,103.96413319632538,15313.77066928498
38,S-G,35.91720867910031,52.80356998374083,4516.730831536572
39,S-G,35.731012934272925,175.7050074372533,11777.045391354495
40,S-G,35.51929520580305,270.28509342142667,1054.7032636422016
41,S-G,35.5172157310769,157.8514735222363,21284.138187310433
42,S-G,35.66727185577401,162.42341052151528,33443.25719856214
43,S-G,35.322630361735584,517.9304513301229,24666.95573513507
44,S-G,34.744881301622605,647.7904769377013,5650.30160605245
45,S-G,34.64571425162226,508.59018518275377,17645.24566346889
46,S-G,34.61468979241474,312.63695637316397,17968.54909673513
47,S-G,34.65349866715131,156.32228812475984,13235.91994059447
48,S-G,35.082759828063395,86.02423220420168,6127.91756588298
49,S-G,35.74803365917446,73.17925361146474,3211.7744341086304
50,S-G,36.04106460696162,52.2186448372064,3388.761700855603
51,S-G,35.845240891654534,54.72456077021329,400.89980895747817
52,S-G,35.845244208200505,51.98882251019298,644.2095977386174
53,S-G,35.8455268843065,51.516988141382235,77.84121532073912
54,S-G,35.84558486412467,51.58082034378905,74.67512125086024
55,S-G,35.84568739673426,51.49360809293221,83.19566304481576
56,S-G,35.845661517626496,52.27308977782477,97.244520617331
57,S-G,35.84567597898138,52.72439999639752,85.0319583054576
58,S-G,35.84592236954222,52.98291134058232,78.89569172784611
59,S-G,35.84566227120382,52.73964593654665,85.70835595793851
60,S-G,35.84565550885188,52.232613727166445,102.36034953941913
61,S-G,35.84570600538169,51.34643582966621,88.96934959150876
62,S-G,35.845613685498655,51.280062305548086,75.56063534817547
63,S-G,35.84558183990959,51.004316441574986,73.77448136395249
64,S-G,35.84535757297582,51.35039151335409,82.33964048035831
65,S-G,35.845365585313,51.78647023154649,75.30274815513646
66,S-G,35.84559303212302,51.71106389436061,80.10562891574347
67,S-G,35.84553628563801,52.27577281202742,2724.7580149194073
68,S-G,35.845527656252386,28.683680782284117,2365.4078398163992
69,S-G,36.41163034995443,26.67945257564155,16282.697082257422
70,S-G,36.33061198865139,315.9601842041628,38180.919734615534
71,S-G,34.057027901368585,761.2329358033288,33711.1170336257
72,S-G,31.97811637627,989.1601126211187,7333.483604269638
73,S-G,32.7442582214585,906.9686350658204,23564.031390857355
74,S-G,35.36332716118053,517.9541687814163,41441.719741149725
75,S-G,36.47975268620988,78.14516114696492,29252.173563625976
76,S-G,36.04721612809543,67.0893470821438,4987.773353049559
77,S-G,35.8479306647288,21.61153120315781,3354.4673541073926
78,S-G,35.8479306647288,8.881784197001252e-12,1080.5765601580931
79,S-G,35.84793066472898,8.881784197001252e-12,4.440892098500626e-10
80,S-G,35.84793066472898,0.0,4.440892098500626e-10
81,S-G,35.84793066472898,0.0,4.440892098500626e-10
82,S-G,35.84793066472898,8.881784197001252e-12,4.440892098500626e-10
83,S-G,35.8479306647288,8.881784197001252e-12,6.572520305780927e-10
84,S-G,35.8479306647288,4.263256414560601e-12,6.572520305780927e-10
85,S-G,35.847930664728885,4.263256414560601e-12,1.7763568394002505e-11
86,S-G,35.847930664728885,4.618527782440651e-12,2.1316282072803006e-10
87,S-G,35.84793066472898,0.0,4.618527782440651e-10
88,S-G,35.847930664728885,4.618527782440651e-12,2.3092638912203256e-10
89,S-G,35.847930664728885,4.618527782440651e-12,1.7763568394002505e-11
90,S-G,35.84793066472898,4.263256414560601e-12,4.618527782440651e-10
91,S-G,35.8479306647288,4.618527782440651e-12,1.1013412404281553e-09
92,S-G,35.847930664728885,1.7763568394002505e-11,4.618527782440651e-10
93,S-G,35.847930664729155,4.618527782440651e-12,1.7763568394002505e-09
94,S-G,35.84793066472898,1.7763568394002505e-11,9.059419880941277e-10
95,S-G,35.8479306647288,1.3500311979441904e-11,6.572520305780927e-10
96,S-G,35.84793066472871,4.618527782440651e-12,1.1191048088221578e-09
97,S-G,35.84793066472871,8.881784197001252e-12,1.1191048088221578e-09
98,S-G,35.847930664728885,1.7763568394002505e-11,0.0
99,S-G,35.84793066472906,8.881784197001252e-12,1.1013412404281553e-09
100,S-G,35.84793066472906,4.263256414560601e-12,6.572520305780927e-10
101,S-G,35.84793066472898,4.263256414560601e-12,1.7763568394002505e-11
102,S-G,35.84793066472898,4.618527782440651e-12,2.3092638912203256e-10
103,S-G,35.847930664728885,8.881784197001252e-12,8.881784197001252e-11
104,S-G,35.8479306647288,6.394884621840902e-12,4.440892098500626e-10
105,S-G,35.84793066472876,0.0,6.394884621840902e-10
106,S-G,35.8479306647288,6.394884621840902e-12,3.375077994860476e-10
107,S-G,35.847930664728885,6.750155989720952e-12,8.881784197001252e-11
108,S-G,35.847930664728935,4.618527782440651e-12,2.3092638912203256e-10
109,S-G,35.84793066472898,2.1316282072803006e-12,1.2434497875801753e-10
110,S-G,35.84793066472898,2.1316282072803006e-12,1.0658141036401503e-10
111,S-G,35.84793066472902,0.0,5.506706202140776e-10
112,S-G,35.84793066472898,8.881784197001252e-12,5.506706202140776e-10
113,S-G,35.84793066472884,1.1013412404281553e-11,2.3092638912203256e-10
114,S-G,35.84793066472876,4.263256414560601e-12,7.638334409421077e-10
115,S-G,35.84793066472876,4.263256414560601e-12,7.105427357601002e-10
116,S-G,35.84793066472884,9.947598300641403e-12,2.3092638912203256e-10
117,S-G,35.847930664728956,8.881784197001252e-12,3.907985046680551e-10
118,S-G,35.84793066472902,2.1316282072803006e-12,4.973799150320701e-10
119,S-G,35.847930664729,1.0658141036401503e-12,2.1316282072803006e-10
120,S-G,35.847930664729,2.1316282072803006e-12,3.552713678800501e-10
121,S-G,35.847930664728956,8.171241461241152e-12,3.907985046680551e-10
122,S-G,35.847930664728835,9.947598300641403e-12,2.1316282072803006e-10
123,S-G,35.84793066472876,3.907985046680551e-12,6.750155989720952e-10
124,S-G,35.84793066472876,3.552713678800501e-12,7.105427357601002e-10
125,S-G,35.84793066472883,1.0302869668521453e-11,2.842170943040401e-10
126,S-G,35.84793066472896,9.237055564881302e-12,4.796163466380676e-10
127,S-G,35.84793066472901,7.105427357601002e-13,4.618527782440651e-10
128,S-G,35.84793066472898,0.0,7.105427357601002e-11
129,S-G,35.84793066472901,7.105427357601002e-13,4.440892098500626e-10
130,S-G,35.84793066472896,8.881784197001252e-12,4.618527782440651e-10
131,S-G,35.847930664728835,9.947598300641403e-12,2.4868995751603507e-10
132,S-G,35.847930664728764,3.907985046680551e-12,6.394884621840902e-10
133,S-G,35.84793066472876,2.8421709430404007e-12,7.460698725481052e-10
134,S-G,35.84793066472882,1.1013412404281553e-11,3.552713678800501e-10
135,S-G,35.84793066472898,9.947598300641403e-12,5.506706202140776e-10
136,S-G,35.84793066472902,0.0,5.506706202140776e-10
137,S-G,35.84793066472898,1.0658141036401503e-12,5.3290705182007514e-11
138,S-G,35.847930664729,1.0658141036401503e-12,3.375077994860476e-10
139,S-G,35.847930664728956,7.815970093361102e-12,3.375077994860476e-10
140,S-G,35.84793066472884,7.815970093361102e-12,1.7763568394002505e-10
141,S-G,35.8479306647288,4.263256414560601e-12,3.907985046680551e-10
142,S-G,35.84793066472876,0.0,6.572520305780927e-10
143,S-G,35.8479306647288,8.881784197001252e-12,5.506706202140776e-10
144,S-G,35.847930664728935,1.1013412404281553e-11,3.375077994860476e-10
145,S-G,35.84793066472902,2.1316282072803006e-12,6.572520305780927e-10
146,S-G,35.84793066472898,2.1316282072803006e-12,0.0
147,S-G,35.84793066472898,2.1316282072803006e-12,2.3092638912203256e-10
148,S-G,35.84793066472902,6.750155989720952e-12,7.638334409421077e-10
149,S-G,35.84793066472884,1.3145040611561853e-11,2.3092638912203256e-10
150,S-G,35.84793066472876,2.1316282072803006e-12,7.638334409421077e-10
151,S-G,35.8479306647288,2.1316282072803006e-12,3.197442310920451e-10
152,S-G,35.8479306647288,4.263256414560601e-12,5.506706202140776e-10
153,S-G,35.847930664728885,1.3145040611561853e-11,1.7763568394002505e-11
154,S-G,35.84793066472906,4.618527782440651e-12,8.704148513061227e-10
155,S-G,35.84793066472898,4.263256414560601e-12,2.3092638912203256e-10
156,S-G,35.84793066472898,0.0,2.3092638912203256e-10
157,S-G,35.84793066472898,8.881784197001252e-12,4.440892098500626e-10
158,S-G,35.8479306647288,8.881784197001252e-12,4.440892098500626e-10
159,S-G,35.8479306647288,0.0,4.440892098500626e-10
160,S-G,35.8479306647288,0.0,4.440892098500626e-10
161,S-G,35.8479306647288,8.881784197001252e-12,4.440892098500626e-10
162,S-G,35.84793066472898,8.881784197001252e-12,4.440892098500626e-10
163,S-G,35.84793066472898,0.0,2.3092638912203256e-10
164,S-G,35.84793066472898,4.263256414560601e-12,2.1316282072803006e-10
165,S-G,35.84793066472906,4.263256414560601e-12,4.263256414560601e-10
166,S-G,35.84793066472906,4.263256414560601e-12,1.1013412404281553e-09
167,S-G,35.84793066472898,1.7763568394002505e-11,4.618527782440651e-10
168,S-G,35.84793066472871,1.3500311979441904e-11,1.1191048088221578e-09
169,S-G,35.84793066472871,4.618527782440651e-12,1.1191048088221578e-09
170,S-G,35.8479306647288,8.881784197001252e-12,4.263256414560601e-10
171,S-G,35.847930664728885,1.3145040611561853e-11,4.440892098500626e-10
172,S-G,35.84793066472906,0.0,1.3145040611561853e-09
173,S-G,35.847930664728885,1.3145040611561853e-11,2.3092638912203256e-10
174,S-G,35.8479306647288,4.618527782440651e-12,1.1013412404281553e-09
175,S-G,35.84793066472898,8.881784197001252e-12,2.3092638912203256e-10
176,S-G,35.84793066472898,0.0,4.440892098500626e-10
177,S-G,35.84793066472898,0.0,0.0
178,S-G,35.84793066472898,0.0,4.440892098500626e-10
179,S-G,35.84793066472898,8.881784197001252e-12,3605.227884217634
180,S-G,35.8479306647288,72.10455768435268,2109.4115658780597
181,S-G,36.5307285129237,42.188231317557126,21378.69370150738
182,S-G,36.24276749991476,355.46959274539074,43235.413808740115
183,S-G,33.65302215144659,822.5200962057744,32879.55511018455
184,S-G,31.89048655402569,1013.0443212268947,3677.028637243116
185,S-G,33.1888104768377,895.0285508107086,27481.290506958103
186,S-G,35.95692325161593,464.02870142028667,42768.769310637465
187,S-G,36.592459243024855,46.89706759960078,24621.47906160745
188,S-G,35.9059190890315,39.00464156207122,95.76005318711832
189,S-G,35.84575945058705,46.09625286211517,3653.271972727697
190,S-G,35.84514173381339,51.87994943547896,321.87977494433864
191,S-G,35.845289485459844,52.247129961716446,73.76658379945088
192,S-G,35.845293935406396,51.893909980468905,98.00290537903744
193,S-G,35.84535718878717,50.94722760911209,109.88099409218123
194,S-G,35.845803893495514,50.232066981281434,79.37470211245426
195,S-G,35.845750148317336,51.36874852296055,73.2156576448043
196,S-G,35.84490624640499,50.508473728074,134.94514268491253
197,S-G,35.84569617305178,48.986973435118664,701.3405626236416
198,S-G,35.846688870474296,36.51079073056452,1239.4694925557546
199,S-G,35.84802064265172,24.201851222414376,1230.9663120403327
0,Spline,31.64908992672857,238.97267782459699,5971.448253887204
1,Spline,33.502569970566626,296.0253273115692,3978.7292542064256
2,Spline,36.47287762638372,238.8579301554962,16455.991523257824
3,Spline,37.69152707147503,134.4398359424091,20034.459909689416
4,Spline,37.18006655671917,183.90632955575109,22949.418477635463
5,Spline,34.904059823094116,357.7483075320215,40233.93621164391
6,Spline,30.857672383644037,775.7546871093745,37323.37628861963
7,Spline,27.598786056771374,995.0769163894744,35129.26039067213
8,Spline,29.82661112528819,101.24538092248108,92684.15054588293
9,Spline,28.09879619877831,860.4123475904174,13556.286925750966
10,Spline,29.716524666045874,265.99635170456077,79859.74150902686
11,Spline,32.73213051769399,794.7766143132163,22975.24749447075
12,Spline,36.317894585761906,429.88550742158264,41813.83467136557
13,Spline,37.33634148519969,83.98796665991779,32745.300439278504
14,Spline,36.68444764116389,240.54585578055116,9729.631653694822
15,Spline,35.96558339208204,250.4946891044669,440.18464871912187
16,Spline,35.46040099897762,232.7295794843159,1804.284238561214
17,Spline,35.14148388917287,215.01072853942543,1804.2842385607737
18,Spline,34.97991864445844,197.3505964770937,1804.284238560976
19,Spline,34.946642008796005,179.7664896341345,1804.2842385614122
20,Spline,35.01362231684534,162.28312291670892,1804.2842385612337
21,Spline,35.15477968778417,144.93695696585405,1804.284238561098
22,Spline,35.34661825400094,127.78387741864972,1804.2842385614558
23,Spline,35.56859581694315,110.91350451804877,1750.6932371144221
24,Spline,35.80328504381302,95.37583827338823,1390.619753082841
25,Spline,36.02922609930718,85.65160774383175,824.1109382044325
26,Spline,36.202572629489154,85.54768731176061,1129.5680336409746
27,Spline,36.289579397356526,92.54510099359626,1455.7460244156327
28,Spline,36.28959353683192,102.11194821632853,1506.1847764987988
29,Spline,36.21033029347994,112.88411197042275,1506.1847764995207
30,Spline,36.06090164361382,124.54924334716353,1528.125018491912
31,Spline,35.8520198680047,137.45521083030448,1690.487763545881
32,Spline,35.59803868400694,154.2876215447325,2103.32091147142
33,Spline,35.32689633129006,177.17857493944655,2550.9538107335648
34,Spline,35.08132285825994,203.7468611114705,2753.450515575223
35,Spline,34.90810751539848,231.0531415856428,2782.627765198142
36,Spline,34.85945648044893,258.4703629361475,2457.180174702182
37,Spline,34.993468436073655,279.53526473278254,249.91359414766407
38,Spline,35.34736900218709,262.0798452851738,5057.823780427215
39,Spline,35.78332034633298,181.30597499460583,10276.560710465548
40,Spline,36.01526252651342,72.77125176883567,12560.215824419207
41,Spline,35.899135420244484,92.81165628404077,12886.461194861404
42,Spline,35.44556229978368,212.47241803515476,12454.423088938489
43,Spline,34.79911178175549,330.4174049333383,9430.166930275042
44,Spline,34.26709140863619,398.1393416790132,2517.9373671915746
45,Spline,34.17703781718076,380.3545600631352,4395.695541147474
46,Spline,34.4819158876266,311.4334008980352,7419.849070557224
47,Spline,34.95146504788547,234.65015795205315,7851.879938148091
48,Spline,35.40194982092405,159.56513958742622,7688.287157569238
49,Spline,35.70997130793764,93.0617957258561,6543.160070288293
50,Spline,35.8268922837465,59.09197005646383,3926.0208274743577
51,Spline,35.830138272355946,55.64670784061031,1311.2828706945277
52,Spline,35.81772162443109,55.06762254763065,194.62930976792848
53,Spline,35.80926221726532,54.09014814972265,108.61471080618432
54,Spline,35.804315849868544,53.11689591603685,108.61471080551958
55,Spline,35.80244683416925,52.14810224476904,108.6147108066445
56,Spline,35.803228402405296,51.18402030696805,108.61471080613262
57,Spline,35.8062430513329,50.224921432703425,108.61471080576578
58,Spline,35.81108282643677,49.2710966200024,108.61471080582581
59,Spline,35.81734954956792,48.32285817743807,108.61471080543123
60,Spline,35.82465499361109,47.38054151036348,108.61471080708748
61,Spline,35.832621007893636,46.44450706242799,110.18424459024578
62,Spline,35.840879598091256,46.10712392367881,354.2104869299294
63,Spline,35.836066403352405,49.640523902472154,1055.1774249073912
64,Spline,35.754124259069435,61.01431382950764,1534.8018876265144
65,Spline,35.53493182450127,74.92872374436362,461.47641134381274
66,Spline,35.25434290606405,69.4728891586468,3617.7626891118957
67,Spline,35.31802246459412,59.709090890896036,6248.05345887776
68,Spline,36.115864160143865,104.43063217525254,2581.4982073049955
69,Spline,37.38574677774422,109.67812246472548,19731.121669425487
70,Spline,37.495767233845136,355.09676887352686,36750.25974307349
71,Spline,35.28478067897346,764.03068666778,31788.078951771884
72,Spline,32.5646694175083,977.0412304671416,3095.408538747677
73,Spline,32.44015529602554,812.7192389873916,26882.66433008392
74,Spline,33.98031582282969,439.5012432731686,33865.902300367925
75,Spline,34.98868099437823,136.89828170470415,21430.198512542906
76,Spline,35.29400411809341,23.386544110053052,7102.321328527347
77,Spline,35.45432594143386,20.14248100214154,857.9725471862203
78,Spline,35.596968782512256,17.858807829493188,228.94529257448676
79,Spline,35.7217800166238,15.576831598863611,228.94529257444148
80,Spline,35.82862656200742,13.297425977444401,228.94529257510678
81,Spline,35.917393877490646,11.02218589892868,228.9452925736903
82,Spline,35.98798511395824,8.754359814062914,228.945292573696
83,Spline,36.04032040957645,6.501710460779109,228.94529257532437
84,Spline,36.0743363205072,4.28822241445308,228.94529257527378
85,Spline,36.08998538052714,2.2335293672446888,228.94529257337985
86,Spline,36.08723578455888,1.439320947977208,223.1965115258739
87,Spline,36.06607119265286,2.9985331536403153,182.97013242923785
88,Spline,36.02841153381676,4.364038991162983,91.27316806826657
89,Spline,35.983869479766604,4.656750853641666,12.442502659029833
90,Spline,35.942051578863925,4.277382957015586,43.75506676893156
91,Spline,35.90487638626158,3.7854629332553893,49.305849140576925
92,Spline,35.87234175098333,3.2938833660568294,49.30584914026234
93,Spline,35.84444574601388,2.802823396352447,49.305849142237
94,Spline,35.821186671814246,2.312614041481608,49.30584914190393
95,Spline,35.80256305940708,1.823941273902509,49.305849140369205
96,Spline,35.78857367302997,1.3384891438890356,49.30584914074912
97,Spline,35.779217512344324,0.8617180268901924,49.305849140562664
98,Spline,35.77449381418944,0.4240000935557489,48.231125551705915
99,Spline,35.77440205388274,0.31011465512758773,40.70844510092143
100,Spline,35.77853525084385,0.5593537021557887,23.519046986521516
101,Spline,35.78485985403067,0.6710678496709679,6.385589269893439
102,Spline,35.791342385306756,0.6660236606693971,1.6321621601450664
103,Spline,35.79757614274255,0.6410103940297514,2.5424656078914123
104,Spline,35.80356111931046,0.6160308111011634,2.54246560486949
105,Spline,35.80929730821945,0.591089182379041,2.542465604185299
106,Spline,35.81478470291239,0.5661905236369741,2.542465606860577
107,Spline,35.82002329706478,0.5413407640651638,2.542465607166518
108,Spline,35.8250130845866,0.516546960987806,2.542465607834304
109,Spline,35.82975405962003,0.49181757718024777,2.5424656074831518
110,Spline,35.834246216539,0.4671628429590277,2.5424656041577745
111,Spline,35.838489549950204,0.4425952335478836,2.5424656049638465
112,Spline,35.842484054690125,0.4181301064400968,2.5424656076538823
113,Spline,35.846229725825275,0.3937865631628691,2.542465608191232
114,Spline,35.849726558653515,0.3695886294410588,2.5424656078572063
115,Spline,35.85297454870091,0.3455668950948447,2.542465604253151
116,Spline,35.85597369172439,0.3217608261740606,2.5424656038164777
117,Spline,35.8587239837088,0.2982220745929545,2.5424656079015464
118,Spline,35.861225420866106,0.27501928759987565,2.542465608750512
119,Spline,35.86347799963784,0.25224519342503965,2.542465607131572
120,Spline,35.86548171669253,0.23002715695824952,2.542465604438048
121,Spline,35.86723656892695,0.2085429801182932,2.542465604350963
122,Spline,35.86874255346453,0.18804436294242494,2.542465607496363
123,Spline,35.86999966765446,0.16889054615294077,2.5424656087787616
124,Spline,35.87100790907387,0.15159214028392248,2.5424656074715526
125,Spline,35.87176727552566,0.13685453477596474,2.5424656044532834
126,Spline,35.872277765039875,0.12558254918465067,2.542465604326909
127,Spline,35.8725393758721,0.11876706570414113,2.542465607114905
128,Spline,35.872552106502965,0.11718823065292015,2.5424656085660104
129,Spline,35.87231595564,0.1210511180709053,2.5424656079128503
130,Spline,35.871830922215686,0.12987105620605627,2.5424656045413885
131,Spline,35.871097005389515,0.1427320411056593,2.542465604245319
132,Spline,35.87011420454579,0.1586543606625834,2.5424656073111533
133,Spline,35.86888251929352,0.1768129040376306,2.542465608337909
134,Spline,35.86740194946853,0.1965889777606126,2.542465607523133
135,Spline,35.86567249513145,0.21754189386926853,2.542465604694416
136,Spline,35.863694156569885,0.2393628025820596,2.542465604531253
137,Spline,35.861466934296324,0.26183478228937146,2.5424656074418714
138,Spline,35.85899082904836,0.2848037595601164,2.5424656083896524
139,Spline,35.856265841790744,0.30815862144464845,2.5424656073021383
140,Spline,35.85329197371357,0.33181789695704145,2.5424656045096503
141,Spline,35.85006922623437,0.35572085089898,2.5424656045161824
142,Spline,35.84659760099634,0.3798214805384779,2.5424656074043104
143,Spline,35.8428770998687,0.4040844177646274,2.542465608407175
144,Spline,35.83890772494869,0.42848209129352577,2.5424656075267844
145,Spline,35.83468947856003,0.4529927313934102,2.5424656047868806
146,Spline,35.830222363254954,0.4775989458391253,2.5424656040386715
147,Spline,35.825506381812986,0.5022866887917711,2.5424656071386953
148,Spline,35.82054153724098,0.5270445035383946,2.2157677167641427
149,Spline,35.81532783277477,0.5448544642764157,1.0906368849287817
150,Spline,35.8099938636804,0.5208688887402819,6.304515665102267
151,Spline,35.80518257566443,0.4285956131550453,11.990828394048217
152,Spline,35.80153688666004,0.3010712780980875,14.487354380111972
153,Spline,35.79918536934617,0.18910219717062382,14.844185609671149
154,Spline,35.79812804878307,0.15794092803282533,14.844185607852742
155,Spline,35.79836499433198,0.24124883790232177,14.844185609436234
156,Spline,35.79989631963351,0.36813942484826856,14.844185612950968
157,Spline,35.802722182567386,0.5068749745086932,14.844185612861395
158,Spline,35.80684278518427,0.6499136963555577,14.844185609189507
159,Spline,35.8122583736138,0.7949360696833557,14.844185608334248
160,Spline,35.818969237954576,0.9410254334191519,14.844185610131358
161,Spline,35.82697571213239,1.087751969492697,14.84418561279262
162,Spline,35.83627817374062,1.2348885768710038,14.844185612412234
163,Spline,35.84687704385379,1.3823043140510047,14.844185609413346
164,Spline,35.85877278681812,1.5299184962706693,14.844185608404809
165,Spline,35.87196591002193,1.6776787425200916,14.844185609634293
166,Spline,35.8864569636394,1.825549585829203,14.844185612520718
167,Spline,35.90224654035488,1.9735061659302786,14.844185612859304
168,Spline,35.9193352750602,2.1215305448678023,14.844185610069218
169,Spline,35.93772384453374,2.2696094571144365,14.844185607838273
170,Spline,35.95741296709676,2.4177328826888242,14.844185608802487
171,Spline,35.978403402247274,2.5658931126767874,14.844185613148001
172,Spline,36.0006959502747,2.7140841197160572,14.844185613126594
173,Spline,36.02429145184802,2.8623011234239097,18.235082466926244
174,Spline,36.04919078758934,2.5754861696606675,209.37670713721198
175,Spline,36.07097703751861,2.565824032601302,651.1670213766806
176,Spline,36.067603520889826,11.2589385088465,1093.0642880886614
177,Spline,36.0175297745943,23.76900100560265,1286.399814819586
178,Spline,35.91800700079013,36.884320975422966,1314.019310535539
179,Spline,35.77195825772731,50.012700472212416,822.7579611212253
180,Spline,35.583619942856124,49.68514162129675,6339.052200024503
181,Spline,35.24413632892782,96.91275032874302,20937.683360048286
182,Spline,34.22365805021497,389.8297767998698,33819.495744319385
183,Spline,32.60024837203043,764.1622570736007,27996.362897667717
184,Spline,32.38005817450231,948.691144297726,2150.2349224354753
185,Spline,34.683394598711764,786.3526070199292,26324.573228904756
186,Spline,36.8998891007905,440.8760103058665,32392.756029617278
187,Spline,37.240789807482905,193.72827083928715,20130.537375471493
188,Spline,36.40667098845671,126.46401030174896,6627.271707198195
189,Spline,35.63720323701411,93.24400940638928,3366.0551399388933
190,Spline,35.190832622717984,60.33045780010838,3593.033719888018
191,Spline,35.058274722066336,34.162278159097326,3443.922758943563
192,Spline,35.232544913937986,34.379050487529994,2401.5521382161746
193,Spline,35.661884701912996,44.70309878586875,258.377531200201
194,Spline,36.106685001850366,39.10344309385711,2410.7350121153127
195,Spline,36.33017083412806,43.28433862189539,3453.1330693366376
196,Spline,36.29065909048176,68.69759094379569,3602.246139756203
197,Spline,35.9991433576712,100.79890616127273,1602.858206186082
198,Spline,35.47242290534056,92.55617061142883,1717.4397735974205
199,Spline,35.15894382536162,67.44760080125931,2519.9726540337992
0,Gaussian,22.974343976684793,530.4478006073336,5350.01268260194
1,Gaussian,28.277711894684277,582.9693352927346,8001.782108839588
2,Gaussian,34.627225509775094,375.59234654351343,26291.010679609244
3,Gaussian,35.75434700712864,75.95215373131589,19945.32376848157
4,Gaussian,35.80034410873111,60.613282851095164,13564.210471059156
5,Gaussian,35.303240284569455,230.8557606401863,29685.573413390757
6,Gaussian,32.75688240073684,628.7583370163109,28149.10530671365
7,Gaussian,28.058347079828067,789.3851600622199,20942.274004458326
8,Gaussian,25.942071511081714,216.3459748365454,62112.95183439516
9,Gaussian,27.256256799393213,467.42777586656797,27349.973750546742
10,Gaussian,31.33105365152097,387.8108749057213,33591.59199099893
11,Gaussian,34.01589548057296,351.9411772381814,31069.809583745162
12,Gaussian,35.13732292623935,375.92792643822105,11893.739214022122
13,Gaussian,35.64392196290959,149.67778731407324,24830.299629544003
14,Gaussian,35.62528678487994,130.70186066554743,21445.977569284856
15,Gaussian,35.43827177453339,288.0749567036126,5503.825528722717
16,Gaussian,35.52949416231964,238.75892656950714,7449.1361178215975
17,Gaussian,35.680692066826154,145.45373465419965,3347.6554097198386
18,Gaussian,35.533131478685284,223.05119187938288,9860.256515620758
19,Gaussian,35.24079736744331,336.10217382036353,914.1072345819418
20,Gaussian,35.348914855058794,237.7107052837848,15011.018102599812
21,Gaussian,35.61411083406877,62.37802942401993,11885.408131833428
22,Gaussian,35.73658136489361,51.65023106998481,2931.827298486626
23,Gaussian,35.770990441827706,100.4763084642053,7462.029245516744
24,Gaussian,35.7801353407124,152.31521154039694,2177.502774921802
25,Gaussian,35.79920144421138,139.7834185201252,2778.274026471277
26,Gaussian,35.82213636671284,102.86236991692768,3110.1097258135214
27,Gaussian,35.83119683970296,85.59274110372806,486.89316915749947
28,Gaussian,35.81895351987019,104.22957391141242,3066.1452284715665
29,Gaussian,35.79250385114003,138.4560272347717,1730.1700110042593
30,Gaussian,35.770470535061754,134.03942434080795,4159.931398845238
31,Gaussian,35.75772973191729,68.11022309281414,6361.462015222929
32,Gaussian,35.69659670800976,51.722774416321954,4640.6994183627585
33,Gaussian,35.50418907047807,145.6261117207538,17896.285286427395
34,Gaussian,35.192374104553,359.9862765329466,13924.30258028933
35,Gaussian,35.22277046808176,417.2497213062206,3379.7373699615473
36,Gaussian,35.545817460080606,295.0531587055421,14241.955661065638
37,Gaussian,35.74947203466469,137.23666896965784,12054.462714801315
38,Gaussian,35.79135141730999,65.32111729422571,1876.4348224639743
39,Gaussian,35.6975940937453,129.36684759183106,9428.149148528157
40,Gaussian,35.50586739866607,242.54869269216738,1717.306335515846
41,Gaussian,35.46355516423006,161.44013946147953,20736.73635775288
42,Gaussian,35.36677408560709,180.23282976869538,32415.874345188382
43,Gaussian,35.01588194817471,494.86559315215123,20169.543905063805
44,Gaussian,34.84289226185763,579.5007159099747,6992.3406018805745
45,Gaussian,34.59123908671775,470.29064654760424,15276.491065035654
46,Gaussian,34.271796014659635,292.09618463587395,15548.11388426256
47,Gaussian,34.49491411811206,169.02113966177487,10413.233971614327
48,Gaussian,35.235667163463496,113.61322225134084,6154.385678080165
49,Gaussian,35.72222228881587,66.70911497144745,4733.00986283877
50,Gaussian,35.832391084680815,52.31742679125806,2195.7704836985786
51,Gaussian,35.84134213654233,52.06834833471592,479.15923889910647
52,Gaussian,35.84156472121468,52.08797204593377,101.62007338462863
53,Gaussian,35.841693844115895,51.69637849441243,83.51187607717925
54,Gaussian,35.84188656492692,51.354761888075544,75.65458632716437
55,Gaussian,35.841882851040836,51.713995054133854,89.32878441148922
56,Gaussian,35.84178443783275,52.31808795181974,87.70976798033182
57,Gaussian,35.8419683197042,52.616890078930396,80.41162020936864
58,Gaussian,35.841971520268764,52.765762171910694,78.14117995359757
59,Gaussian,35.84196969652251,52.61996481898102,80.98010004906847
60,Gaussian,35.841801148527196,52.267301173049106,92.2037870776669
61,Gaussian,35.8419305286893,51.54282526357548,96.51187139095302
62,Gaussian,35.84196497187708,51.04437251493811,76.17620542854979
63,Gaussian,35.84180195692915,51.25185451973111,77.28670115692806
64,Gaussian,35.841700845113046,51.53933489626931,75.0217923921904
65,Gaussian,35.84174599126072,51.60228662166389,75.276976730185
66,Gaussian,35.84177292263407,51.78295749575326,81.76766736446534
67,Gaussian,35.84176098370162,52.154062738656584,206.57799755287888
68,Gaussian,35.84108805675707,54.713829968989586,1932.630388262313
69,Gaussian,35.81442007325551,87.09404692722865,10907.823009239946
70,Gaussian,35.481142608647154,267.08677119283,29247.158158631446
71,Gaussian,33.95987112816799,668.440269998544,36200.58501739246
72,Gaussian,31.96970659877214,990.0271664820702,9192.430786791578
73,Gaussian,32.76748079659092,851.4571885079032,28341.712666899915
74,Gaussian,34.82648995074934,423.22402629051254,36686.384258224585
75,Gaussian,35.693111759000296,117.73054287812676,20307.538782450192
76,Gaussian,35.837482163454105,17.07326843879286,5829.251563644921
77,Gaussian,35.84765351186675,1.145511695937699,852.1449724659066
78,Gaussian,35.8479306647288,0.030368989565808243,57.2755847966823
79,Gaussian,35.84793066472898,8.881784197001252e-12,1.518449478290412
80,Gaussian,35.84793066472898,0.0,4.440892098500626e-10
81,Gaussian,35.84793066472898,0.0,0.0
82,Gaussian,35.84793066472898,0.0,4.440892098500626e-10
83,Gaussian,35.84793066472898,8.881784197001252e-12,4.440892098500626e-10
84,Gaussian,35.8479306647288,8.881784197001252e-12,8.881784197001252e-10
85,Gaussian,35.8479306647288,8.881784197001252e-12,8.881784197001252e-10
86,Gaussian,35.84793066472898,8.881784197001252e-12,6.750155989720952e-10
87,Gaussian,35.84793066472898,4.618527782440651e-12,8.881784197001252e-10
88,Gaussian,35.847930664728885,8.881784197001252e-12,2.3092638912203256e-10
89,Gaussian,35.8479306647288,0.0,8.881784197001252e-10
90,Gaussian,35.847930664728885,8.881784197001252e-12,0.0
91,Gaussian,35.84793066472898,0.0,4.440892098500626e-10
92,Gaussian,35.847930664728885,0.0,4.440892098500626e-10
93,Gaussian,35.84793066472898,8.881784197001252e-12,4.440892098500626e-10
94,Gaussian,35.84793066472906,8.881784197001252e-12,1.3322676295501878e-09
95,Gaussian,35.8479306647288,1.7763568394002505e-11,4.440892098500626e-10
96,Gaussian,35.84793066472871,0.0,1.3322676295501878e-09
97,Gaussian,35.8479306647288,8.881784197001252e-12,4.440892098500626e-10
98,Gaussian,35.847930664728885,8.881784197001252e-12,2.1316282072803006e-10
99,Gaussian,35.84793066472898,4.618527782440651e-12,4.440892098500626e-10
100,Gaussian,35.84793066472898,0.0,2.3092638912203256e-10
101,Gaussian,35.84793066472898,0.0,0.0
102,Gaussian,35.84793066472898,0.0,4.440892098500626e-10
103,Gaussian,35.84793066472898,8.881784197001252e-12,6.750155989720952e-10
104,Gaussian,35.8479306647288,1.3500311979441904e-11,4.440892098500626e-10
105,Gaussian,35.84793066472871,0.0,1.1191048088221578e-09
106,Gaussian,35.8479306647288,8.881784197001252e-12,4.440892098500626e-10
107,Gaussian,35.847930664728885,8.881784197001252e-12,2.1316282072803006e-10
108,Gaussian,35.84793066472898,4.618527782440651e-12,4.440892098500626e-10
109,Gaussian,35.84793066472898,0.0,2.3092638912203256e-10
110,Gaussian,35.84793066472898,0.0,0.0
111,Gaussian,35.84793066472898,0.0,2.3092638912203256e-10
112,Gaussian,35.84793066472898,4.618527782440651e-12,6.750155989720952e-10
113,Gaussian,35.847930664728885,1.3500311979441904e-11,2.1316282072803006e-10
114,Gaussian,35.84793066472871,8.881784197001252e-12,1.0658141036401503e-09
115,Gaussian,35.84793066472871,7.815970093361102e-12,1.1191048088221578e-09
116,Gaussian,35.847930664728864,1.3500311979441904e-11,5.3290705182007514e-11
117,Gaussian,35.84793066472898,6.750155989720952e-12,6.750155989720952e-10
118,Gaussian,35.847930664729,0.0,3.907985046680551e-10
119,Gaussian,35.84793066472898,1.0658141036401503e-12,5.3290705182007514e-11
120,Gaussian,35.84793066472898,1.0658141036401503e-12,2.3092638912203256e-10
121,Gaussian,35.847930664728956,5.6843418860808015e-12,4.440892098500626e-10
122,Gaussian,35.847930664728864,9.947598300641403e-12,1.7763568394002505e-11
123,Gaussian,35.84793066472876,5.329070518200751e-12,7.638334409421077e-10
124,Gaussian,35.84793066472876,5.329070518200751e-12,7.638334409421077e-10
125,Gaussian,35.847930664728864,9.947598300641403e-12,1.7763568394002505e-11
126,Gaussian,35.847930664728956,5.6843418860808015e-12,4.440892098500626e-10
127,Gaussian,35.84793066472898,1.0658141036401503e-12,2.842170943040401e-10
128,Gaussian,35.84793066472898,0.0,1.0658141036401503e-10
129,Gaussian,35.84793066472898,1.0658141036401503e-12,2.842170943040401e-10
130,Gaussian,35.847930664728956,5.6843418860808015e-12,4.440892098500626e-10
131,Gaussian,35.847930664728864,9.947598300641403e-12,1.7763568394002505e-11
132,Gaussian,35.84793066472876,5.329070518200751e-12,7.638334409421077e-10
133,Gaussian,35.84793066472876,5.329070518200751e-12,7.638334409421077e-10
134,Gaussian,35.847930664728864,9.947598300641403e-12,1.7763568394002505e-11
135,Gaussian,35.847930664728956,5.6843418860808015e-12,4.440892098500626e-10
136,Gaussian,35.84793066472898,1.0658141036401503e-12,2.842170943040401e-10
137,Gaussian,35.84793066472898,0.0,5.3290705182007514e-11
138,Gaussian,35.84793066472898,0.0,2.3092638912203256e-10
139,Gaussian,35.84793066472898,4.618527782440651e-12,6.750155989720952e-10
140,Gaussian,35.847930664728885,1.3500311979441904e-11,8.881784197001252e-11
141,Gaussian,35.84793066472871,6.394884621840902e-12,1.1191048088221578e-09
142,Gaussian,35.84793066472876,8.881784197001252e-12,8.704148513061227e-10
143,Gaussian,35.847930664728885,1.1013412404281553e-11,2.1316282072803006e-10
144,Gaussian,35.84793066472898,4.618527782440651e-12,6.572520305780927e-10
145,Gaussian,35.84793066472898,2.1316282072803006e-12,2.3092638912203256e-10
146,Gaussian,35.847930664728935,0.0,2.1316282072803006e-10
147,Gaussian,35.84793066472898,2.1316282072803006e-12,2.3092638912203256e-10
148,Gaussian,35.84793066472898,4.618527782440651e-12,7.815970093361102e-10
149,Gaussian,35.847930664728885,1.3500311979441904e-11,2.1316282072803006e-10
150,Gaussian,35.84793066472871,8.881784197001252e-12,1.1191048088221578e-09
151,Gaussian,35.84793066472871,8.881784197001252e-12,1.1191048088221578e-09
152,Gaussian,35.847930664728885,1.3500311979441904e-11,2.1316282072803006e-10
153,Gaussian,35.84793066472898,4.618527782440651e-12,6.750155989720952e-10
154,Gaussian,35.84793066472898,0.0,2.3092638912203256e-10
155,Gaussian,35.84793066472898,0.0,0.0
156,Gaussian,35.84793066472898,0.0,2.3092638912203256e-10
157,Gaussian,35.84793066472898,4.618527782440651e-12,4.440892098500626e-10
158,Gaussian,35.847930664728885,8.881784197001252e-12,2.1316282072803006e-10
159,Gaussian,35.8479306647288,8.881784197001252e-12,4.440892098500626e-10
160,Gaussian,35.84793066472871,0.0,1.1191048088221578e-09
161,Gaussian,35.8479306647288,1.3500311979441904e-11,4.440892098500626e-10
162,Gaussian,35.84793066472898,8.881784197001252e-12,6.750155989720952e-10
163,Gaussian,35.84793066472898,0.0,4.440892098500626e-10
164,Gaussian,35.84793066472898,0.0,0.0
165,Gaussian,35.84793066472898,0.0,0.0
166,Gaussian,35.84793066472898,0.0,0.0
167,Gaussian,35.84793066472898,0.0,4.440892098500626e-10
168,Gaussian,35.84793066472898,8.881784197001252e-12,6.750155989720952e-10
169,Gaussian,35.8479306647288,1.3500311979441904e-11,4.440892098500626e-10
170,Gaussian,35.84793066472871,0.0,1.1191048088221578e-09
171,Gaussian,35.8479306647288,8.881784197001252e-12,4.440892098500626e-10
172,Gaussian,35.847930664728885,8.881784197001252e-12,2.1316282072803006e-10
173,Gaussian,35.84793066472898,4.618527782440651e-12,4.440892098500626e-10
174,Gaussian,35.84793066472898,0.0,2.3092638912203256e-10
175,Gaussian,35.84793066472898,0.0,0.0
176,Gaussian,35.84793066472898,0.0,0.0
177,Gaussian,35.84793066472898,0.0,0.0
178,Gaussian,35.84793066472898,0.0,5.066143946407969
179,Gaussian,35.84793066472898,0.10132287892815937,178.33105155240168
180,Gaussian,35.84700285026709,3.566621031048033,2394.642113309562
181,Gaussian,35.81532458794729,47.99416514484102,13444.730815361374
182,Gaussian,35.41775968670284,272.4612371988368,34273.917478182724
183,Gaussian,33.6782104348543,733.4724832592677,38303.244451719205
184,Gaussian,31.861662901489083,1038.5230925462522,4051.8768294491733
185,Gaussian,33.27714306921317,813.7964874175536,33687.73631635141
186,Gaussian,35.19915293563902,365.49053626125277,35025.767521513044
187,Gaussian,35.769480855206844,115.76909883000006,15675.38491601315
188,Gaussian,35.838254920707605,57.26180349198481,3436.9160548365453
189,Gaussian,35.841824724686504,51.658006630642625,368.3509209838659
190,Gaussian,35.841628000840416,51.963332191791366,84.85875236768565
191,Gaussian,35.84161069248003,51.98457678005409,75.64725153095515
192,Gaussian,35.841672550137986,51.642889537554204,84.25029984346381
193,Gaussian,35.84177338513128,51.161810985061926,95.9332059825479
194,Gaussian,35.84198756382457,50.53444781253476,294.30090057621123
195,Gaussian,35.839761367605576,50.229375410032645,3098.854785305117
196,Gaussian,35.75554629115202,77.1774800349854,18553.65163323811
197,Gaussian,34.62726831171837,375.6248729419922,26190.900271337065
198,Gaussian,28.277704001174044,582.9701034015188,7995.593000975687
199,Gaussian,22.97431332769524,530.4497898398907,5348.2670554424585
0,LOWESS,35.29606934825604,10.590544976999228,626.7417833314994
1,LOWESS,35.29590254579966,16.83990937485815,707.4785542461393
2,LOWESS,35.29581780014695,24.656284668445057,967.1994860438897
3,LOWESS,35.29575466125943,35.994821771929104,5354.0044449018915
4,LOWESS,35.28492657298373,131.65409115996312,11240.246207209173
5,LOWESS,35.232242530349865,260.66107711897115,7336.799498171933
6,LOWESS,35.263466468518764,277.26474500881926,2048.600021621699
7,LOWESS,35.25202368539556,269.31016600446964,2377.8273356490085
8,LOWESS,35.23753506809394,285.9529752939305,2502.005390889549
9,LOWESS,35.25471588382176,230.35931628106442,9272.674171524219
10,LOWESS,35.287595525842654,105.17348347950245,11557.735776229823
11,LOWESS,35.29460040107618,38.41142909375051,5697.711015847124
12,LOWESS,35.29528890084323,41.63454785750339,340.82025719471056
13,LOWESS,35.29522125363432,42.087037868505,2770.786809795018
14,LOWESS,35.29327629883144,84.6560317516547,7560.877039828783
15,LOWESS,35.282252978500026,169.60329643289634,6927.585570873041
16,LOWESS,35.275151680056666,216.3302360061406,2250.5938835487855
17,LOWESS,35.27788003223652,209.97182822819016,2189.50249281521
18,LOWESS,35.28377783635127,180.30500303897097,2897.1903081867067
19,LOWESS,35.2869516273021,158.26493344204778,1813.988648342101
20,LOWESS,35.28706965510965,150.0935670841931,1279.2645696899908
21,LOWESS,35.28830416862177,137.87501924280343,2065.4620774760338
22,LOWESS,35.29145566234405,113.55501092120312,2449.775928728289
23,LOWESS,35.293331211158815,95.1735282833041,1002.8998894986705
24,LOWESS,35.29291033559075,97.5684468848558,1008.9701568680106
25,LOWESS,35.291055845848554,112.00882016994719,1151.2537591747268
26,LOWESS,35.29014759317121,116.95248991665272,502.3680876326579
27,LOWESS,35.29140643454567,105.05475612493956,1394.849434871704
28,LOWESS,35.292789439098854,92.90716008278517,402.6813078553542
29,LOWESS,35.29228065193879,100.26400789913656,2205.5282703986036
30,LOWESS,35.28878812281809,130.97904414651524,3801.5609583737073
31,LOWESS,35.282656300362255,169.30805737033992,3457.2318030004258
32,LOWESS,35.27764801330528,194.7991220266189,1989.7157840482348
33,LOWESS,35.27676891439552,202.5034794731837,1290.6513792420155
34,LOWESS,35.277299612464,206.02915115533568,1548.6575741448023
35,LOWESS,35.275011660748824,218.39933967016944,1765.756339029133
36,LOWESS,35.27099741990667,226.9867510571664,1543.3659168955924
37,LOWESS,35.27489668722896,198.44696621205196,5379.122379294009
38,LOWESS,35.28753071697835,122.63058651290247,9028.688255348088
39,LOWESS,35.29468718009177,41.52361223082826,10005.724625310633
40,LOWESS,35.29183506224797,93.39490180696608,8870.000226519462
41,LOWESS,35.28348020536048,169.55910374919097,7600.771458202411
42,LOWESS,35.27249454268416,240.0883196141938,7053.285022314086
43,LOWESS,35.25565094038247,305.8834328321272,5359.832545323688
44,LOWESS,35.243869318937676,336.87577580097576,2537.515396623865
45,LOWESS,35.25268840051683,307.8591062298791,5644.821586260129
46,LOWESS,35.27174395807132,234.66763219933222,8027.479997514445
47,LOWESS,35.2862827175151,154.42702833695344,7535.288030706001
48,LOWESS,35.292498522461116,94.04791485789485,5443.119640872037
49,LOWESS,35.294494912904824,62.412222773674806,3183.27009441199
50,LOWESS,35.29485943502848,52.22341436700329,1605.1925132857757
51,LOWESS,35.29496971093897,50.2518976731392,767.9773225084676
52,LOWESS,35.29501124481963,50.26672802970054,298.45284630657056
53,LOWESS,35.29505713314302,50.42327984968895,89.44448037713767
54,LOWESS,35.29510855936516,50.57298249868642,75.95234425346528
55,LOWESS,35.29514079948727,50.85485433344703,76.16593567478172
56,LOWESS,35.29513857308949,50.98576787729368,73.49871972627548
57,LOWESS,35.29512065155408,50.792590383453515,75.82446816085017
58,LOWESS,35.295069230983344,50.59681722098794,74.48576777575508
59,LOWESS,35.29502190787056,50.46624601375613,73.54927603088933
60,LOWESS,35.29498001764455,50.304213315790456,73.3682817244041
61,LOWESS,35.29493725556798,50.1548565640447,72.50564527353211
62,LOWESS,35.29489797850534,50.04301307221722,71.40851980433317
63,LOWESS,35.29485482117544,50.02384368919679,71.13791772567096
64,LOWESS,35.29480722985692,50.104200680705006,248.65897285311007
65,LOWESS,35.29475965485751,54.732345524098626,1661.9020185461288
66,LOWESS,35.29370880071114,83.22463556220605,5248.041682275633
67,LOWESS,35.28547195076611,159.48313857534347,9962.39684306977
68,LOWESS,35.257553006603715,281.7391178269297,13385.607740500767
69,LOWESS,35.2086767406734,423.6439516443592,13824.591920354664
70,LOWESS,35.14769654623497,543.2454578824218,10694.439918716642
71,LOWESS,35.115425526133194,587.3929826536233,7985.842332149696
72,LOWESS,35.13539206638301,541.9064312657373,10313.100181793538
73,LOWESS,35.181180212778536,436.8315652641754,12970.747517061167
74,LOWESS,35.24225299003452,299.3761462888397,13926.029587092933
75,LOWESS,35.28206039284749,161.83474273506172,11867.6595845323
76,LOWESS,35.29471016564935,62.4857057720606,7357.727627803548
77,LOWESS,35.29605212457525,14.710891439420866,3047.6049845661537
78,LOWESS,35.2960760533195,1.534247323588624,735.5445719712653
79,LOWESS,35.296076053319325,6.2803698347351e-12,76.71236617898658
80,LOWESS,35.2960760533195,1.538370149106851e-11,1.0471845798844292e-09
81,LOWESS,35.2960760533195,1.675905834749939e-11,1.0530534155453877e-09
82,LOWESS,35.29607605331923,9.24260501300274e-12,1.7315436361801946e-09
83,LOWESS,35.29607605331941,1.8444410139024814e-11,8.672938340901918e-10
84,LOWESS,35.29607605331959,1.0806616880824386e-11,1.686539500716788e-09
85,LOWESS,35.296076053319325,1.6474213360043536e-11,9.070297889567868e-10
86,LOWESS,35.296076053319325,7.590678528125316e-12,1.5493304516780844e-09
87,LOWESS,35.29607605331941,2.039022440993924e-11,3.9543893705278325e-10
88,LOWESS,35.29607605331923,4.965068306494546e-12,1.8630799416726525e-09
89,LOWESS,35.29607605331941,2.0350724194510407e-11,4.925988372357199e-10
90,LOWESS,35.29607605331959,6.544253856968626e-12,1.8444410139024814e-09
91,LOWESS,35.296076053319325,1.7763568394002505e-11,5.294914217582261e-10
92,LOWESS,35.29607605331923,4.8068426138083025e-12,2.4614082632078517e-09
93,LOWESS,35.29607605331941,3.1577709521679494e-11,9.059419880941277e-10
94,LOWESS,35.29607605331986,2.24919676753543e-11,2.7660056418613128e-09
95,LOWESS,35.29607605331986,2.41821153010088e-11,2.937723130114271e-09
96,LOWESS,35.29607605331941,3.641802296806934e-11,1.1374580302819886e-09
97,LOWESS,35.29607605331915,1.2755491433176288e-11,2.862998051573224e-09
98,LOWESS,35.29607605331923,2.2644195468014703e-11,1.9984014443252818e-09
99,LOWESS,35.2960760533195,2.8174301870297392e-11,1.4087150935148696e-09
100,LOWESS,35.296076053319766,1.616509124176106e-11,2.2887833992611187e-09
101,LOWESS,35.29607605331968,1.831026719408895e-11,1.6111872337917198e-09
102,LOWESS,35.29607605331941,1.675905834749939e-11,6.952372243713253e-10
103,LOWESS,35.29607605331941,8.096076371602103e-12,1.1171646423648408e-09
104,LOWESS,35.29607605331928,1.6705311545463172e-11,1.3919274782636614e-09
105,LOWESS,35.29607605331919,2.394394602980934e-11,2.52438447943028e-09
106,LOWESS,35.29607605331968,3.547169339679974e-11,2.283935738434112e-09
107,LOWESS,35.29607605331986,2.2421711939285516e-11,3.1306745967647193e-09
108,LOWESS,35.29607605331941,2.7822109252321575e-11,1.2909865049577637e-09
109,LOWESS,35.296076053319325,6.632260856987127e-12,1.9171902622814415e-09
110,LOWESS,35.29607605331937,1.299323371321969e-11,1.1117851197020058e-09
111,LOWESS,35.29607605331946,1.831026719408895e-11,9.65871061019207e-10
112,LOWESS,35.29607605331972,1.3615807039466665e-11,1.5770107449855128e-09
113,LOWESS,35.29607605331968,1.3874927578554626e-11,1.3224317527889524e-09
114,LOWESS,35.29607605331946,1.3681695954811081e-11,7.304693808035299e-10
115,LOWESS,35.29607605331941,1.1441999643002928e-11,5.791747391095409e-10
116,LOWESS,35.29607605331935,2.1316282072803006e-12,1.4639864047848828e-09
117,LOWESS,35.29607605331937,1.9849148357135682e-11,1.1069229781298724e-09
118,LOWESS,35.29607605331972,2.001872194874903e-11,1.7931748201922104e-09
119,LOWESS,35.296076053319766,1.6250510042204395e-11,2.0468080835485916e-09
120,LOWESS,35.29607605331941,2.1201992789149357e-11,7.932184175901862e-10
121,LOWESS,35.29607605331936,5.08981258274389e-12,1.2763219692857242e-09
122,LOWESS,35.29607605331936,8.945504470158149e-12,1.1166437517467072e-09
123,LOWESS,35.29607605331938,1.8959853003126446e-11,9.86677882154683e-10
124,LOWESS,35.29607605331974,1.8655130043698478e-11,1.758593271006248e-09
125,LOWESS,35.296076053319744,1.6492638622405364e-11,1.87710578265056e-09
126,LOWESS,35.29607605331941,2.13613834293578e-11,8.988721047234644e-10
127,LOWESS,35.29607605331941,4.455080288318119e-12,1.554445455528945e-09
128,LOWESS,35.29607605331942,1.5046958776027884e-11,4.378503414311063e-10
129,LOWESS,35.29607605331937,5.773159728050814e-12,1.5666281530236339e-09
130,LOWESS,35.29607605331931,2.0973802592459122e-11,1.508570457576343e-09
131,LOWESS,35.29607605331974,2.501148908900297e-11,2.0327695464958177e-09
132,LOWESS,35.2960760533198,1.9972958497959522e-11,2.6450760083460333e-09
133,LOWESS,35.29607605331936,2.856015013963558e-11,1.1547088046460825e-09
134,LOWESS,35.296076053319304,4.662725227577868e-12,2.1146108755879375e-09
135,LOWESS,35.29607605331939,1.5581393782034347e-11,1.0722800431241157e-09
136,LOWESS,35.29607605331944,2.18868861352057e-11,1.1622587552264171e-09
137,LOWESS,35.296076053319815,1.9849148357135682e-11,2.2295932096103826e-09
138,LOWESS,35.296076053319815,2.2926188792289658e-11,2.358878818648158e-09
139,LOWESS,35.29607605331937,2.7375497437671542e-11,1.167616862641844e-09
140,LOWESS,35.29607605331928,6.2803698347351e-12,1.8610729195778453e-09
141,LOWESS,35.29607605331937,1.0175362097255203e-11,9.586671351961062e-10
142,LOWESS,35.29607605331946,1.640150777487903e-11,2.1316282072803006e-10
143,LOWESS,35.29607605331968,1.4051476647234164e-11,1.4900764758343982e-09
144,LOWESS,35.29607605331972,1.631180231372349e-11,1.6201710970281958e-09
145,LOWESS,35.29607605331941,1.8519318755123987e-11,1.7831661089749778e-09
146,LOWESS,35.29607605331941,2.391493584112727e-11,1.4129366632533269e-09
147,LOWESS,35.29607605331941,1.5046958776027884e-11,2.5510982866352576e-09
148,LOWESS,35.29607605331937,2.9790409838967275e-11,1.791150025945156e-09
149,LOWESS,35.296076053319766,2.318213734067276e-11,2.5727487310015434e-09
150,LOWESS,35.29607605331972,2.2315206618374918e-11,2.108376371154598e-09
151,LOWESS,35.29607605331941,2.0384807343563985e-11,1.318159713327562e-09
152,LOWESS,35.296076053319325,1.0099100278540887e-11,1.233169448420279e-09
153,LOWESS,35.296076053319325,4.8068426138083025e-12,1.621022947651828e-09
154,LOWESS,35.29607605331941,2.416171815703009e-11,6.502685343157032e-10
155,LOWESS,35.296076053319766,1.6159966400471376e-11,2.5619136631684802e-09
156,LOWESS,35.29607605331968,2.7375497437671542e-11,1.9173342703922125e-09
157,LOWESS,35.29607605331923,2.220446049250313e-11,2.0468080835485916e-09
158,LOWESS,35.296076053319325,1.3681695954811081e-11,1.5059797815742445e-09
159,LOWESS,35.2960760533195,9.930136612989092e-12,5.127067145476755e-10
160,LOWESS,35.2960760533195,1.25607396694702e-11,7.021666937153402e-10
161,LOWESS,35.29607605331968,1.3322676295501878e-11,2.094764613337708e-09
162,LOWESS,35.29607605331968,2.9790409838967275e-11,2.126552144968463e-09
163,LOWESS,35.29607605331915,3.1577709521679494e-11,2.1010113490573644e-09
164,LOWESS,35.296076053319055,1.3331259255495774e-11,2.9060846365078936e-09
165,LOWESS,35.29607605331941,2.7103998191910125e-11,3.203604279077765e-10
166,LOWESS,35.29607605331959,1.790180836524724e-11,1.4432899320127035e-09
167,LOWESS,35.296076053319766,6.2803698347351e-12,2.04150181385819e-09
168,LOWESS,35.29607605331959,2.3750096877049412e-11,7.932184175901862e-10
169,LOWESS,35.296076053319325,1.4568292210848222e-11,1.1016724668453675e-09
170,LOWESS,35.296076053319325,6.781054649929668e-12,1.171831856215236e-09
171,LOWESS,35.29607605331923,9.155133597044475e-12,1.861555014106589e-09
172,LOWESS,35.2960760533195,3.165568067966947e-11,6.2803698347351e-10
173,LOWESS,35.29607605331986,9.155133597044475e-12,3.405339071640208e-09
174,LOWESS,35.2960760533195,3.668778978806643e-11,8.308148362110449e-10
175,LOWESS,35.29607605331915,1.0175362097255203e-11,2.3288234633381845e-09
176,LOWESS,35.296076053319325,1.0175362097255203e-11,6.2803698347351e-10
177,LOWESS,35.296076053319325,4.965068306494546e-12,252.59836984261057
178,LOWESS,35.296076053319325,5.051967396856616,1817.667608029321
179,LOWESS,35.29581043257593,36.35335216059086,5698.045373187151
180,LOWESS,35.28913275439012,119.00682255923881,10659.559001542593
181,LOWESS,35.25922073701792,249.37602020975604,13768.291649646615
182,LOWESS,35.2017156491907,392.59931160427544,13488.857870761163
183,LOWESS,35.145818426452614,509.0003580529552,11233.37995926158
184,LOWESS,35.1239028915705,578.812454133969,8576.43549971934
185,LOWESS,35.12732139749375,573.1164081883019,9148.412995853332
186,LOWESS,35.191315564030376,473.5527865340034,13308.853542098283
187,LOWESS,35.242587485194456,330.0412980550521,14211.143366575969
188,LOWESS,35.279467097440815,195.21988634538673,11555.673565246158
189,LOWESS,35.29273491477015,100.09760050991768,6828.402269214033
190,LOWESS,35.29469711834305,58.943053727706825,2497.8528213869645
191,LOWESS,35.29483671588881,50.266749036705704,447.30852572002226
192,LOWESS,35.294880211686596,50.17676631863269,267.67524541332125
193,LOWESS,35.29471371594996,55.367927883284416,115.24919529509627
194,LOWESS,35.294132008817655,48.27177489876689,1747.3806372539245
195,LOWESS,35.29606848666058,20.424489646530915,2170.685376547081
196,LOWESS,35.29606692830444,4.858804602096465,728.7053401283097
197,LOWESS,35.29606228303084,5.850998092543258,2.9438850092881133
198,LOWESS,35.29605886114963,4.916331559451314,120.99388604008851
199,LOWESS,35.296076053318885,3.4311306450526873,148.52026062244144
